Incident,ReferenceText,# of tokens,# of types,# of predicates,# of manual predicates,# of automatic predicates,# of frame elements,# of manual frame elements,# of automatic frame elements
http://www.wikidata.org/entity/Q17374096,Putin Dismisses MH17 Murder Charges.naf,80,61,0,0,0,0,0,0
http://www.wikidata.org/entity/Q17374096,Ukraine: Air Force jet downed by Russian missile.naf,753,300,0,0,0,0,0,0
http://www.wikidata.org/entity/Q17374096,MH17 report: Five key findings from the Dutch Safety Board.naf,119,70,0,0,0,0,0,0
http://www.wikidata.org/entity/Q17374096,MH17: Tony Abbott announces Operation Bring Them Home to secure and identify victims of Malaysia Airlines disaster.naf,942,349,0,0,0,0,0,0
http://www.wikidata.org/entity/Q17374096,Ukrainian Su-25 Air Strike in Donetsk.naf,108,70,0,0,0,0,0,0
http://www.wikidata.org/entity/Q17374096,"Signaling Readiness for Thaw, Russia and Ukraine Swap Prisoners.naf",1373,492,0,0,0,0,0,0
http://www.wikidata.org/entity/Q17374096,Russia Proposes Alternative UN Resolution For MH17 Case.naf,189,112,0,0,0,0,0,0
http://www.wikidata.org/entity/Q17374096,MH17: Malaysia Airlines retires flight number after Ukraine crash.naf,173,85,0,0,0,0,0,0
http://www.wikidata.org/entity/Q17374096,The haunting pilgrimage site of Saur Mogila.naf,1724,597,0,0,0,0,0,0
http://www.wikidata.org/entity/Q17374096,Wall.naf,84,55,0,0,0,0,0,0
http://www.wikidata.org/entity/Q17374096,MH17 bodies arrive in Malaysia.naf,392,192,0,0,0,0,0,0
http://www.wikidata.org/entity/Q17374096,Netherlands to coordinate MH17 victim identification efforts.naf,268,139,0,0,0,0,0,0
http://www.wikidata.org/entity/Q17374096,Ukraine war zone tempers Federal Police attempts to access MH17 crash site.naf,1529,532,0,0,0,0,0,0
http://www.wikidata.org/entity/Q17374096,Rebel leader gives bizarre account of plane crash.naf,261,141,0,0,0,0,0,0
http://www.wikidata.org/entity/Q17374096,"Malaysia Airlines flight MH17 was shot down from pro-Russian rebel controlled territory, investigation finds.naf",1004,379,0,0,0,0,0,0
http://www.wikidata.org/entity/Q17374096,The Lost Digit: Buk 3x2.naf,954,280,0,0,0,0,0,0
http://www.wikidata.org/entity/Q17374096,Dutch investigators recover human remains from MH17 crash site.naf,269,149,0,0,0,0,0,0
http://www.wikidata.org/entity/Q17374096,Three pro-Russia rebel leaders at the centre of suspicions over downed MH17.naf,878,346,0,0,0,0,0,0
http://www.wikidata.org/entity/Q17374096,Pinned interesting flights - Real-time flight tracker.naf,64,44,0,0,0,0,0,0
http://www.wikidata.org/entity/Q17374096,Final Report on Downing of Malaysia Airlines Flight MH17 Due October.naf,96,70,0,0,0,0,0,0
http://www.wikidata.org/entity/Q17374096,MH17 plane crash: Dutch experts examine bodies.naf,38,33,0,0,0,0,0,0
http://www.wikidata.org/entity/Q17374096,U.S. Sees Evidence of Russian Links to Jet’s Downing.naf,222,134,0,0,0,0,0,0
http://www.wikidata.org/entity/Q17374096,MH17 crash: Airlines divert flights from eastern Ukraine.naf,30,25,0,0,0,0,0,0
http://www.wikidata.org/entity/Q17374096,Malaysia Airlines Flight MH17: British Investigators Join Probe In Ukraine Amid Fears Of Evidence Tampering.naf,1082,448,0,0,0,0,0,0
http://www.wikidata.org/entity/Q17374096,Minister of Security and Justice signs MH17 treaty with Ukraine.naf,339,154,0,0,0,0,0,0
http://www.wikidata.org/entity/Q17374096,Rebels thought shot down plane was a Ukraine fighter jet.naf,1739,345,0,0,0,0,0,0
http://www.wikidata.org/entity/Q17374096,MH 17 - Ukraine.naf,178,95,0,0,0,0,0,0
http://www.wikidata.org/entity/Q17374096,MH17 crash: FT photo shows signs of damage from missile strike.naf,623,253,0,0,0,0,0,0
http://www.wikidata.org/entity/Q17374096,Did the Ukrainian rebels even know they were shooting at a civilian aircraft?.naf,530,247,0,0,0,0,0,0
http://www.wikidata.org/entity/Q17374096,Ukraine Requests ICAO Assistance in MH17 Accident Investigation.naf,313,154,0,0,0,0,0,0
http://www.wikidata.org/entity/Q17374096,Raw: Crews begin moving bodies at jet crash site.naf,44,34,0,0,0,0,0,0
http://www.wikidata.org/entity/Q17374096,MH370 search coordinator to lead Australia's MH17 probe Panel.naf,433,193,0,0,0,0,0,0
http://www.wikidata.org/entity/Q17374096,Video 'shows military plane downed'.naf,93,66,0,0,0,0,0,0
http://www.wikidata.org/entity/Q17374096,The Netherlands brings MH17 case against Russia before European Court of Human Rights.naf,342,140,0,0,0,0,0,0
http://www.wikidata.org/entity/Q17374096,Exclusive: Ukraine rebel commander acknowledges fighters had BUK missile.naf,1250,355,0,0,0,0,0,0
http://www.wikidata.org/entity/Q17374096,Here's The Ridiculous Way Russia's Propaganda Channel Is Covering The Malaysia Airlines Crash.naf,445,201,0,0,0,0,0,0
http://www.wikidata.org/entity/Q17374096,Many airlines have avoided Ukrainian airspace for months.naf,1309,449,0,0,0,0,0,0
http://www.wikidata.org/entity/Q17374096,U.S. officials believe attack against Malaysian plane was mistake.naf,665,242,0,0,0,0,0,0
http://www.wikidata.org/entity/Q17374096,MH17 fallout: Russian reporter Sara Firth quits over Ukraine ‘lies’.naf,372,176,0,0,0,0,0,0
http://www.wikidata.org/entity/Q17374096,The crew of MH17.naf,863,345,0,0,0,0,0,0
http://www.wikidata.org/entity/Q17374096,Australia mourns MH17 victims at memorial service.naf,80,57,0,0,0,0,0,0
http://www.wikidata.org/entity/Q17374096,British journalist working for Russian TV resigns over bias in Ukraine MH17 coverage.naf,49,37,0,0,0,0,0,0
http://www.wikidata.org/entity/Q17374096,The evidence.naf,814,332,0,0,0,0,0,0
http://www.wikidata.org/entity/Q17374096,Air operators belatedly avoid Ukraine war zone.naf,887,345,0,0,0,0,0,0
http://www.wikidata.org/entity/Q17374096,What Is the Altitude of a Plane in Flight?.naf,1167,494,0,0,0,0,0,0
http://www.wikidata.org/entity/Q17374096,"Statement by the minister of Foreign Affairs on MH17, 5 July 2017.naf",444,197,0,0,0,0,0,0
http://www.wikidata.org/entity/Q17374096,"More Bodies Possible at Ukraine Crash Site, Forensics Officials Say.naf",214,132,0,0,0,0,0,0
http://www.wikidata.org/entity/Q17374096,Netherlands Public Prosecution Service brings charges against four suspects in MH17 case.naf,483,206,0,0,0,0,0,0
http://www.wikidata.org/entity/Q17374096,One of suspects in MH17 case wants to join legal proceedings.naf,387,183,0,0,0,0,0,0
http://www.wikidata.org/entity/Q17374096,Malaysian PM Demands Swift Justice if Plane Was Shot Down.naf,534,221,0,0,0,0,0,0
http://www.wikidata.org/entity/Q17374096,Statement of His Majesty King Willem-Alexander on Malaysian flight MH17.naf,88,56,0,0,0,0,0,0
http://www.wikidata.org/entity/Q17374096,Press statement by the Trilateral Contact Group.naf,176,89,0,0,0,0,0,0
http://www.wikidata.org/entity/Q17374096,Foreign Secretary statement on the MH17 investigation.naf,428,207,0,0,0,0,0,0
http://www.wikidata.org/entity/Q17374096,MH17 crash: 'Key witness' released in Ukraine.naf,48,37,0,0,0,0,0,0
http://www.wikidata.org/entity/Q17374096,Ban expresses condolences after crash of Malaysia Airlines flight in Ukraine.naf,136,92,0,0,0,0,0,0
http://www.wikidata.org/entity/Q17374096,MH17 crash: Dutch salvage team 'unable to start'.naf,39,27,0,0,0,0,0,0
http://www.wikidata.org/entity/Q17374096,MH17: Ukraine separatist commander 'admits' rebels had Buk missile system.naf,1245,412,0,0,0,0,0,0
http://www.wikidata.org/entity/Q17374096,Dutch Experts Help Recover MH17 Crash Items Despite Nearby Clashes.naf,442,223,0,0,0,0,0,0
http://www.wikidata.org/entity/Q17374096,MH17: The satellite images Russia doesn’t want us to see.naf,847,292,0,0,0,0,0,0
http://www.wikidata.org/entity/Q17374096,"Images Show the Buk that Downed Flight MH17, Inside Russia, Controlled by Russian Troops.naf",1643,381,0,0,0,0,0,0
http://www.wikidata.org/entity/Q17374096,MH17 bodies leave Ukraine rebel area and reach Kharkiv.naf,60,45,0,0,0,0,0,0
http://www.wikidata.org/entity/Q17374096,"Attack on Flight MH17: After the tragedy, the accusations rain down.naf",254,139,0,0,0,0,0,0
http://www.wikidata.org/entity/Q17374096,Judges in MH17 trial allowed to consider anonymous testimony.naf,389,167,0,0,0,0,0,0
http://www.wikidata.org/entity/Q17374096,Dutch premier halts search for Ukraine victims.naf,380,172,0,0,0,0,0,0
http://www.wikidata.org/entity/Q17374096,Dutch did question MH17 witness before he was returned to Russia: minister.naf,302,142,0,0,0,0,0,0
http://www.wikidata.org/entity/Q17374096,Russia: Missile That Shot Down Flight MH17 Was Ukrainian.naf,326,143,0,0,0,0,0,0
http://www.wikidata.org/entity/Q17374096,Russian Roulette (Dispatch 61).naf,76,56,0,0,0,0,0,0
http://www.wikidata.org/entity/Q17374096,What happened? The day Flight 17 was downed.naf,1624,484,0,0,0,0,0,0
http://www.wikidata.org/entity/Q17374096,Canadian killed in MH17 crash was a medical student from Ontario.naf,1117,405,0,0,0,0,0,0
http://www.wikidata.org/entity/Q17374096,MH17: Malaysia accepted as full member of probe team.naf,195,115,0,0,0,0,0,0
http://www.wikidata.org/entity/Q17374096,Russian Propaganda? Moscow Releases Audio Blaming Ukraine for Downing of MH17 Flight That Killed Almost 300.naf,696,267,0,0,0,0,0,0
http://www.wikidata.org/entity/Q17374096,Malaysia Airlines Flight MH17 'Shot Down In Ukraine Near Russian Border'.naf,1240,443,0,0,0,0,0,0
http://www.wikidata.org/entity/Q17374096,Сводки от Стрелкова Игоря Ивановича.naf,84,55,0,0,0,0,0,0
http://www.wikidata.org/entity/Q17374096,Speculation on MH17 is damaging to investigations.naf,420,199,0,0,0,0,0,0
http://www.wikidata.org/entity/Q17374096,"MH17 likely shot down by mistake by Russian separatists, US intelligence official says.naf",606,236,0,0,0,0,0,0
http://www.wikidata.org/entity/Q17374096,Here Are The Intercepted Transcripts Indicating Russian Rebels Shot Down Malaysian Flight MH17.naf,1631,472,0,0,0,0,0,0
http://www.wikidata.org/entity/Q17374096,MH17: world's anger at Russia grows as bodies pile on to train at crash site.naf,1873,651,0,0,0,0,0,0
http://www.wikidata.org/entity/Q17374096,MH17: pro-Russia rebels will allow access to crash site if ceasefire agreed.naf,1386,473,0,0,0,0,0,0
http://www.wikidata.org/entity/Q17374096,"Heartless looters raid Malaysia Airlines Flight MH17 crash site, swipe victims' luggage, personal items.naf",36,29,0,0,0,0,0,0
http://www.wikidata.org/entity/Q17374096,MH17: armed rebels fuel chaos as rotting corpses pile up on the roadside.naf,1820,576,0,0,0,0,0,0
http://www.wikidata.org/entity/Q17374096,Malaysia will stop using flight No. 17 next week.naf,268,139,0,0,0,0,0,0
http://www.wikidata.org/entity/Q17374096,Official: 181 bodies found at MH17 crash site.naf,554,269,0,0,0,0,0,0
http://www.wikidata.org/entity/Q17374096,MH17 crash: Investigation focuses on '25 metal shards'.naf,52,34,0,0,0,0,0,0
http://www.wikidata.org/entity/Q17374096,MH17: Four charged with shooting down plane over Ukraine.naf,49,40,0,0,0,0,0,0
http://www.wikidata.org/entity/Q17374096,Ukraine’s Security Service Counterintelligence Chief presents photo evidence of Russia’s direct involvement in the downing of Malaysian Flight MH17 that resulted in the deaths of 298 passengers.naf,614,236,0,0,0,0,0,0
http://www.wikidata.org/entity/Q17374096,"Boeing 777 has excellent track record, experts say.naf",800,314,0,0,0,0,0,0
http://www.wikidata.org/entity/Q17374096,Statement by the NATO Secretary General on MH17 investigation.naf,155,98,0,0,0,0,0,0
http://www.wikidata.org/entity/Q17374096,MH17 plane crash: David Cameron urges those responsible for downing jet to be 'held to account'.naf,201,112,0,0,0,0,0,0
http://www.wikidata.org/entity/Q17374096,Bellingcat: New evidence against Russian soldiers on MH17.naf,936,294,0,0,0,0,0,0
http://www.wikidata.org/entity/Q17374096,"Joint statement by the President of the European Commission, José Manuel Barroso, and the President of the European Council, Herman Van Rompuy, on the crash of the Malaysian airliner in Ukraine.naf",153,79,0,0,0,0,0,0
http://www.wikidata.org/entity/Q17374096,British Intelligence Report Confirms Russian Military Origin of MH17 Murder Weapon.naf,738,297,0,0,0,0,0,0
http://www.wikidata.org/entity/Q17374096,Russia submits rival MH17 resolution draft.naf,467,219,0,0,0,0,0,0
http://www.wikidata.org/entity/Q17374096,Ukrainians report sightings of missile launcher on day of MH17 crash.naf,761,277,0,0,0,0,0,0
http://www.wikidata.org/entity/Q17374096,Statement about Malaysia Airlines MH17..naf,1271,373,0,0,0,0,0,0
http://www.wikidata.org/entity/Q17374096,MH17 disaster: Dutch take Russia to European rights court.naf,601,238,0,0,0,0,0,0
http://www.wikidata.org/entity/Q17374096,Subscribe to read.naf,46,37,0,0,0,0,0,0
http://www.wikidata.org/entity/Q17374096,Ukraine: 295 on Malaysia plane shot down over east.naf,1272,454,0,0,0,0,0,0
http://www.wikidata.org/entity/Q17374096,"Dutch Safety Board heads investigation: investigation effort in full swing, black boxes currently being read out.naf",635,231,0,0,0,0,0,0
http://www.wikidata.org/entity/Q17374096,'Sensational' Russian photo of MH17 being shot debunked by citizen journalist group.naf,436,200,0,0,0,0,0,0
http://www.wikidata.org/entity/Q17374096,MH17 investigators reach crash site two weeks after plane brought down.naf,861,332,0,0,0,0,0,0
http://www.wikidata.org/entity/Q17374096,MH17: what we know two days after Malaysia Airlines crash over Ukraine.naf,629,298,0,0,0,0,0,0
http://www.wikidata.org/entity/Q17374096,Smoking Guns: Russian Separatists Shot Down Malaysian Flight MH17; Putin Must Be Held Responsible.naf,1289,446,0,0,0,0,0,0
http://www.wikidata.org/entity/Q17374096,"Malaysia Airlines MH17: Russia says Tony Abbott's comments blaming separatists are 'unacceptable', Julie Bishop criticises Moscow for lack of talks.naf",1160,396,0,0,0,0,0,0
http://www.wikidata.org/entity/Q17374096,Russia refused Dutch request to hand over MH17 suspect: Netherlands.naf,403,196,0,0,0,0,0,0
http://www.wikidata.org/entity/Q17374096,"Netherlands, Australia holding Russia 'accountable' for downing of MH17.naf",741,314,0,0,0,0,0,0
http://www.wikidata.org/entity/Q17374096,Ukraine crisis: Timeline.naf,84,55,0,0,0,0,0,0
http://www.wikidata.org/entity/Q17374096,‘Air India flew 33 times over Ukraine in seven days prior to MH17 incident’.naf,1264,422,0,0,0,0,0,0
http://www.wikidata.org/entity/Q17374096,MH17 disaster: Russians 'controlled BUK missile system'.naf,48,38,0,0,0,0,0,0
http://www.wikidata.org/entity/Q17374096,MH17: Malaysia reaches 'behind the scenes' deal to recover bodies.naf,415,207,0,0,0,0,0,0
http://www.wikidata.org/entity/Q17374096,Declaration by the High Representative on behalf of the EU on the findings of the Joint Investigation Team on the downing of flight MH17.naf,189,101,0,0,0,0,0,0
http://www.wikidata.org/entity/Q17374096,Malaysian Airlines Flight MH17: Netherlands Declares National Day of Mourning For MH17 Victims.naf,367,191,0,0,0,0,0,0
http://www.wikidata.org/entity/Q17374096,Malaysia Airlines crash: President Poroshenko calls shooting down of Malaysian plane an 'act of terrorism'.naf,95,65,0,0,0,0,0,0
http://www.wikidata.org/entity/Q17374096,Slachtofferhulp Nederland.naf,293,142,0,0,0,0,0,0
http://www.wikidata.org/entity/Q17374096,Legerhelikopter Oekraïne neergehaald.naf,109,67,0,0,0,0,0,0
http://www.wikidata.org/entity/Q17374096,Onderzoeksraad: toestel MH17 doorboord en in stukken gebroken.naf,554,223,0,0,0,0,0,0
http://www.wikidata.org/entity/Q17374096,Gratis rechtsbijstand voor nabestaanden MH17 in strafproces.naf,350,171,0,0,0,0,0,0
http://www.wikidata.org/entity/Q17374096,Koenders ontbiedt Russische ambassadeur om MH17.naf,283,133,0,0,0,0,0,0
http://www.wikidata.org/entity/Q17374096,5000 dollar nabestaanden crash.naf,223,114,0,0,0,0,0,0
http://www.wikidata.org/entity/Q17374096,Hoe onderzocht RTL Nieuws de nieuwe MH17-foto's?.naf,1294,403,0,0,0,0,0,0
http://www.wikidata.org/entity/Q17374096,Onderzoekers vliegramp moeten omgekeerd werken.naf,582,242,0,0,0,0,0,0
http://www.wikidata.org/entity/Q17374096,Oekraïne had voldoende aanleiding luchtruim MH17 te sluiten.naf,1382,448,0,0,0,0,0,0
http://www.wikidata.org/entity/Q17374096,'Zwarte dozen naar Verenigd Koninkrijk'.naf,432,185,0,0,0,0,0,0
http://www.wikidata.org/entity/Q17374096,MH17: Nederland en Australië stellen Rusland aansprakelijk.naf,384,148,0,0,0,0,0,0
http://www.wikidata.org/entity/Q17374096,Oekraïens gevechtsvliegtuig bij MH17? Onderzoeksraad buigt zich erover.naf,477,191,0,0,0,0,0,0
http://www.wikidata.org/entity/Q17374096,Questions and answers.naf,246,122,0,0,0,0,0,0
http://www.wikidata.org/entity/Q17374096,Creditcard slachtoffer misbruikt.naf,201,121,0,0,0,0,0,0
http://www.wikidata.org/entity/Q17374096,Kamer dringt aan op onderzoek naar Oekraïne bij MH17-ramp.naf,194,105,0,0,0,0,0,0
http://www.wikidata.org/entity/Q17374096,Rutte: onderste steen moet boven.naf,314,145,0,0,0,0,0,0
http://www.wikidata.org/entity/Q17374096,Vierdaagse Nijmegen: muziek geschrapt wegens vliegramp.naf,222,119,0,0,0,0,0,0
http://www.wikidata.org/entity/Q17374096,'Ook KLM is aansprakelijk voor vlucht MH17'.naf,428,206,0,0,0,0,0,0
http://www.wikidata.org/entity/Q17374096,Ministerraad eert slachtoffers MH17.naf,120,83,0,0,0,0,0,0
http://www.wikidata.org/entity/Q17374096,Vladimir Tsemach weet misschien wie de Buk-raket heeft afgevuurd.naf,834,315,0,0,0,0,0,0
http://www.wikidata.org/entity/Q17374096,Honden uit gecrasht vliegtuig worden ook gerepatrieerd.naf,407,202,0,0,0,0,0,0
http://www.wikidata.org/entity/Q17374096,Kamervragen zonder antwoord nr. 2014Z18714.naf,330,154,0,0,0,0,0,0
http://www.wikidata.org/entity/Q17374096,Zesde Belgisch slachtoffer bij vliegtuigcrash in Oekraïne.naf,144,88,0,0,0,0,0,0
http://www.wikidata.org/entity/Q17374096,Marechaussee naar Oekraïne.naf,290,129,0,0,0,0,0,0
http://www.wikidata.org/entity/Q17374096,Kans identificatie twee MH17-slachtoffers zeer klein.naf,180,103,0,0,0,0,0,0
http://www.wikidata.org/entity/Q17374096,Objecten doorboorden MH17-vlucht.naf,447,182,0,0,0,0,0,0
http://www.wikidata.org/entity/Q17374096,Onthulling Nationaal Monument MH17: 'Deze dag sloeg een gat in ons leven'.naf,157,101,0,0,0,0,0,0
http://www.wikidata.org/entity/Q17374096,Onderzoeksjournalisten: Rusland manipuleerde beelden MH17.naf,54,42,0,0,0,0,0,0
http://www.wikidata.org/entity/Q17374096,Malaysia Airlines keert nabestaanden 5000 dollar per passagier uit.naf,264,129,0,0,0,0,0,0
http://www.wikidata.org/entity/Q17374096,Strafzaak MH17.naf,146,85,0,0,0,0,0,0
http://www.wikidata.org/entity/Q17374096,Nederlandse delegatie in Kiev.naf,306,154,0,0,0,0,0,0
http://www.wikidata.org/entity/Q17374096,Oekraïne: Onderzoeksraad vroeg wél om radarbeelden van MH17-crash.naf,263,117,0,0,0,0,0,0
http://www.wikidata.org/entity/Q17374096,Woensdag 23 juli is dag van nationale rouw.naf,965,359,0,0,0,0,0,0
http://www.wikidata.org/entity/Q17374096,Dag van nationale rouw.naf,581,277,0,0,0,0,0,0
http://www.wikidata.org/entity/Q17374096,Nederland leeft mee met MH17.naf,226,131,0,0,0,0,0,0
http://www.wikidata.org/entity/Q17374096,Politie zoekt beelden van rampvlucht.naf,187,108,0,0,0,0,0,0
http://www.wikidata.org/entity/Q17374096,Opening Tilburgse en Valkenswaardse Kermis aangepast vanwege vliegramp.naf,176,83,0,0,0,0,0,0
http://www.wikidata.org/entity/Q17374096,Vandaag dag van nationale rouw.naf,328,160,0,0,0,0,0,0
http://www.wikidata.org/entity/Q17374096,Slijptol in bewijs rampvlucht MH17.naf,94,62,0,0,0,0,0,0
http://www.wikidata.org/entity/Q17374096,'Air France vloog ook over Oost-Oekraïne'.naf,135,86,0,0,0,0,0,0
http://www.wikidata.org/entity/Q17374096,Verslag diplomatenbriefing MH17 blijft geheim.naf,311,158,0,0,0,0,0,0
http://www.wikidata.org/entity/Q17374096,Bergingsmissie MH17 afgerond.naf,156,91,0,0,0,0,0,0
http://www.wikidata.org/entity/Q17374096,Oekraïne geeft vrij baan.naf,59,48,0,0,0,0,0,0
http://www.wikidata.org/entity/Q17374096,Justitieel Complex Schiphol in Badhoevedorp locatie MH17-proces.naf,116,75,0,0,0,0,0,0
http://www.wikidata.org/entity/Q17374096,Dag van nationale rouw in Australië.naf,332,168,0,0,0,0,0,0
http://www.wikidata.org/entity/Q17374096,Rusland blokkeert definitief MH17-tribunaal.naf,44,37,0,0,0,0,0,0
http://www.wikidata.org/entity/Q17374096,Regering VS: toestel is neergeschoten.naf,101,62,0,0,0,0,0,0
http://www.wikidata.org/entity/Q17374096,Kamer wil worden bijgepraat over ramp.naf,92,68,0,0,0,0,0,0
http://www.wikidata.org/entity/Q17374096,Veel menselijke resten MH17 geborgen.naf,335,180,0,0,0,0,0,0
http://www.wikidata.org/entity/Q17374096,Onderzoeksteam: vier MH17-verdachten op internationale opsporingslijsten.naf,308,150,0,0,0,0,0,0
http://www.wikidata.org/entity/Q17374096,"Dag één MH17-proces: 49 nabestaanden willen spreekrecht, verdachte ontkent.naf",258,152,0,0,0,0,0,0
http://www.wikidata.org/entity/Q17374096,'Bewijs voor neerhalen MH17'.naf,301,158,0,0,0,0,0,0
http://www.wikidata.org/entity/Q17374096,Hilversum treft voorbereidingen voor lichamen MH17.naf,281,120,0,0,0,0,0,0
http://www.wikidata.org/entity/Q17374096,'Gevaar voor vliegtuigen verzwegen'.naf,180,102,0,0,0,0,0,0
http://www.wikidata.org/entity/Q17374096,Wrakstukken MH17 met trucks naar Gilze-Rijen.naf,215,118,0,0,0,0,0,0
http://www.wikidata.org/entity/Q17374096,Reaction JIT to press conference of Russian Ministry of Defense.naf,487,188,0,0,0,0,0,0
http://www.wikidata.org/entity/Q17374096,Nederland vraagt Rusland om MH17-verdachte.naf,1225,408,0,0,0,0,0,0
http://www.wikidata.org/entity/Q17374096,'Rusland leverde raketten en bemanning'.naf,105,66,0,0,0,0,0,0
http://www.wikidata.org/entity/Q17374096,Trein aangekomen in Charkov.naf,146,84,0,0,0,0,0,0
http://www.wikidata.org/entity/Q17374096,Reacties op rapport MH17: VS zien eerste stap tot vervolging.naf,39,31,0,0,0,0,0,0
http://www.wikidata.org/entity/Q17374096,Rebellenleider erkent bezit Boek-raketten.naf,81,61,0,0,0,0,0,0
http://www.wikidata.org/entity/Q17374096,Cookies op de Volkskrant.naf,227,120,0,0,0,0,0,0
http://www.wikidata.org/entity/Q17374096,Fotograaf: nog lichaamsdelen op rampplek MH17.naf,202,120,0,0,0,0,0,0
http://www.wikidata.org/entity/Q17374096,Morgen keren eerste 135 experts terug in Nederland.naf,213,126,0,0,0,0,0,0
http://www.wikidata.org/entity/Q17374096,Poetin op tv: alles doen voor experts.naf,198,112,0,0,0,0,0,0
http://www.wikidata.org/entity/Q17374096,Nederland daagt Rusland voor het Europees Hof om MH17.naf,343,193,0,0,0,0,0,0
http://www.wikidata.org/entity/Q17374096,Oekraïënse ex-staatssecretaris: OVV vroeg niet om radarbeelden MH17.naf,591,223,0,0,0,0,0,0
http://www.wikidata.org/entity/Q17374096,Rusland blijft ontkennen.naf,222,125,0,0,0,0,0,0
http://www.wikidata.org/entity/Q17374096,Partijgenoten Willem Witteveen en Wim Bakker overleden.naf,72,54,0,0,0,0,0,0
http://www.wikidata.org/entity/Q17374096,'Russen bedienden Buk-raket in gebied crash MH17'.naf,406,193,0,0,0,0,0,0
http://www.wikidata.org/entity/Q17374096,Drie onderzoeken naar MH17.naf,435,185,0,0,0,0,0,0
http://www.wikidata.org/entity/Q17374096,Merkel: crash MH17 ramp voor Nederland.naf,118,73,0,0,0,0,0,0
http://www.wikidata.org/entity/Q17374096,Generaal onder 14 doden neergeschoten heli.naf,181,103,0,0,0,0,0,0
http://www.wikidata.org/entity/Q17374096,Bloemen en tranen bij ambassade in Kiev.naf,677,274,0,0,0,0,0,0
http://www.wikidata.org/entity/Q17374096,Schadeadvocaten: combinatievlucht MH17 maakt claim tegen KLM mogelijk.naf,598,284,0,0,0,0,0,0
http://www.wikidata.org/entity/Q17374096,BuZa: 193 Nederlandse slachtoffers.naf,192,91,0,0,0,0,0,0
http://www.wikidata.org/entity/Q17374096,OM: Rusland frustreerde uitlevering MH17-verdachte Tsemach aan Nederland.naf,318,149,0,0,0,0,0,0
http://www.wikidata.org/entity/Q17374096,Terugluisteren en -lezen: de indrukwekkende speech van Timmermans.naf,51,46,0,0,0,0,0,0
http://www.wikidata.org/entity/Q17374096,Spoedzitting V-raad over crash.naf,176,103,0,0,0,0,0,0
http://www.wikidata.org/entity/Q17374096,Oekraïne: toestel buiten bereik onze raketten.naf,167,93,0,0,0,0,0,0
http://www.wikidata.org/entity/Q17374096,Wrakstukken MH17 onderweg naar Nederland.naf,144,89,0,0,0,0,0,0
http://www.wikidata.org/entity/Q17374096,Volendammers vrezen lot dorpsgenoten Cor en Neeltje.naf,496,221,0,0,0,0,0,0
http://www.wikidata.org/entity/Q17374096,'Oekraïense straaljagers neergeschoten vanuit Rusland'.naf,346,169,0,0,0,0,0,0
http://www.wikidata.org/entity/Q17374096,VS: raket trof Malaysia Airlines.naf,294,173,0,0,0,0,0,0
http://www.wikidata.org/entity/Q17374096,Overlijdensaktes alle slachtoffers MH17 in één keer geregeld.naf,308,157,0,0,0,0,0,0
http://www.wikidata.org/entity/Q17374096,Overheid.nl > Officiële bekendmakingen.naf,151,94,0,0,0,0,0,0
http://www.wikidata.org/entity/Q17374096,Berging wrakstukken MH17 nu echt begonnen.naf,332,154,0,0,0,0,0,0
http://www.wikidata.org/entity/Q17374096,Investigation into possible Buk-missile-parts.naf,147,88,0,0,0,0,0,0
http://www.wikidata.org/entity/Q17374096,Russische ingenieurs: MH17 neergehaald door Boek-raket.naf,61,38,0,0,0,0,0,0
http://www.wikidata.org/entity/Q17374096,Oekraïne gaat zoeken naar overblijfselen op rampplek MH17.naf,141,80,0,0,0,0,0,0
http://www.wikidata.org/entity/Q17374096,Dodental bijgesteld naar 195.naf,79,61,0,0,0,0,0,0
http://www.wikidata.org/entity/Q17374096,298 doden bij Malaysia-crash.naf,732,282,0,0,0,0,0,0
http://www.wikidata.org/entity/Q17374096,Geen nabestaanden naar rampplek.naf,123,77,0,0,0,0,0,0
http://www.wikidata.org/entity/Q17374096,Nabestaanden MH17 stappen naar Europees Hof voor de Rechten van de Mens.naf,381,194,0,0,0,0,0,0
http://www.wikidata.org/entity/Q17374096,Diplomate in vertrouwelijk verslag van briefing in Kiev: 'Antonov-vliegtuig' neergeschoten met luchtdoelraket'.naf,315,183,0,0,0,0,0,0
http://www.wikidata.org/entity/Q17374096,Kabinet sluit ongeluk MH17 uit.naf,188,103,0,0,0,0,0,0
http://www.wikidata.org/entity/Q17374096,Overheid kende gevaren luchtruim Oekraïne voor ramp MH17.naf,804,276,0,0,0,0,0,0
http://www.wikidata.org/entity/Q17374096,Rapport: MH17 neergeschoten door Boek-raket.naf,47,34,0,0,0,0,0,0
http://www.wikidata.org/entity/Q17374096,Rijksoverheid.nl.naf,66,29,0,0,0,0,0,0
http://www.wikidata.org/entity/Q17374096,De bewijsstukken: Wie schoot MH17 neer?.naf,321,154,0,0,0,0,0,0
http://www.wikidata.org/entity/Q17374096,Internationale reacties op MH17: Rusland moet verantwoordelijkheid nemen.naf,409,163,0,0,0,0,0,0
http://www.wikidata.org/entity/Q17374096,Vlaggen overheidsgebouwen halfstok na vliegramp.naf,28,20,0,0,0,0,0,0
http://www.wikidata.org/entity/Q17374096,Rutte terug naar Nederland vanwege vliegtuigcrash (en andere reacties).naf,27,27,0,0,0,0,0,0
http://www.wikidata.org/entity/Q17374096,Dodental Nederland MH17 naar 194.naf,85,52,0,0,0,0,0,0
http://www.wikidata.org/entity/Q17374096,Criminal case MH17.naf,154,100,0,0,0,0,0,0
http://www.wikidata.org/entity/Q1384586,‘Getraumatiseerde’ directeur SE Fireworks wil geld van overheid.naf,416,188,0,0,0,0,0,0
http://www.wikidata.org/entity/Q1384586,Mededirecteur S.E. Fireworks na 15 jaar zwijgen: ‘Ramp is mij ook overkomen’.naf,236,122,0,0,0,0,0,0
http://www.wikidata.org/entity/Q1384586,Ramprapport vuurwerkramp Enschede nog niet naar Onderzoeksraad.naf,245,120,0,0,0,0,0,0
http://www.wikidata.org/entity/Q1384586,Definitief rapport vuurwerkramp: 'OM heeft bewust fouten gemaakt'.naf,71,48,0,0,0,0,0,0
http://www.wikidata.org/entity/Q1384586,'Met water blussen had niet gemogen bij vuurwerkramp'.naf,918,297,0,0,0,0,0,0
http://www.wikidata.org/entity/Q1384586,‘Onderzoeksraad moet kijken naar alarmerend rapport over vuurwerkramp’.naf,85,60,0,0,0,0,0,0
http://www.wikidata.org/entity/Q1384586,Vuurwerkramp: Stukken onderzoek verduisterd.naf,348,161,0,0,0,0,0,0
http://www.wikidata.org/entity/Q1384586,Rapport vuurwerkramp schokt Kamerleden: ze willen een hoorzitting.naf,89,52,0,0,0,0,0,0
http://www.wikidata.org/entity/Q1384586,Onderzoeker vuurwerkramp Enschede: ‘Het boek is weer geopend’.naf,169,103,0,0,0,0,0,0
http://www.wikidata.org/entity/Q1384586,Politie gaat aangifte vuurwerkramp niet zelf onderzoeken.naf,361,186,0,0,0,0,0,0
http://www.wikidata.org/entity/Q1384586,Pleidooi voor parlementaire enquête naar Vuurwerkramp.naf,804,310,0,0,0,0,0,0
http://www.wikidata.org/entity/Q1384586,Directeur S.E. Fireworks wil schade vuurwerkramp op Veiligheidsregio verhalen.naf,59,40,0,0,0,0,0,0
http://www.wikidata.org/entity/Q1384586,Klokkenluider wil gemeenteraad bijpraten over vuurwerkramp.naf,276,148,0,0,0,0,0,0
http://www.wikidata.org/entity/Q1384586,Hoe de eigenaar van S.E. Fireworks nog steeds worstelt met de vuurwerkramp.naf,1021,375,0,0,0,0,0,0
http://www.wikidata.org/entity/Q1384586,Klacht tegen de overheid over rol in onderzoek naar vuurwerkramp.naf,360,180,0,0,0,0,0,0
http://www.wikidata.org/entity/Q1384586,Brabantse klokkenluider: De absolute waarheid heb ook ik niet in huis.naf,1310,442,0,0,0,0,0,0
http://www.wikidata.org/entity/Q1384586,Herdenkingen Vuurwerkramp.naf,947,254,0,0,0,0,0,0
http://www.wikidata.org/entity/Q1384586,Geen herziening zaak vuurwerkramp.naf,246,117,0,0,0,0,0,0
http://www.wikidata.org/entity/Q1384586,Van Buitenen blijft vechten voor onderzoek naar vuurwerkramp.naf,514,237,0,0,0,0,0,0
http://www.wikidata.org/entity/Q1384586,SP vraagt om hoorzitting over de vuurwerkramp.naf,194,116,0,0,0,0,0,0
http://www.wikidata.org/entity/Q1384586,Oud-burgemeester Jan Mans wil niet reageren op aangifte vuurwerkramp.naf,449,199,0,0,0,0,0,0
http://www.wikidata.org/entity/Q1384586,Onderzoeksraad aan de slag met rapport over vuurwerkramp.naf,206,117,0,0,0,0,0,0
http://www.wikidata.org/entity/Q1384586,Onderzoeksraad voor Veiligheid gaat geen onderzoek doen naar rapport vuurwerkramp.naf,358,183,0,0,0,0,0,0
http://www.wikidata.org/entity/Q1384586,'Politie moet fouten rond vuurwerkramp toegeven'.naf,437,180,0,0,0,0,0,0
http://www.wikidata.org/entity/Q1384586,Geslaagde transformatie van stadswijk na vuurwerkramp.naf,1717,640,0,0,0,0,0,0
http://www.wikidata.org/entity/Q1384586,Klokkenluider doet aangifte tegen de staat om vuurwerkramp.naf,62,38,0,0,0,0,0,0
http://www.wikidata.org/entity/Q1384586,Deel onderzoek vuurwerkramp onzorgvuldig: 'Misdadig wat hier is gebeurd'.naf,330,180,0,0,0,0,0,0
http://www.wikidata.org/entity/Q1384586,Enschede remembers deadly fireworks disaster < Dutch news.naf,397,215,0,0,0,0,0,0
http://www.wikidata.org/entity/Q1384586,Fireworks directors jailed for fatal explosion.naf,433,181,0,0,0,0,0,0
http://www.wikidata.org/entity/Q1384586,€8.5m paid to Enschede firework victims.naf,243,129,0,0,0,0,0,0
http://www.wikidata.org/entity/Q2009193,Dutch parade attack driver dies.naf,736,291,0,0,0,0,0,0
http://www.wikidata.org/entity/Q2009193,Car attack on Dutch royal parade.naf,576,240,0,0,0,0,0,0
http://www.wikidata.org/entity/Q2009193,Man who attacked Dutch royals shaved his hair like Robert de Niro in Taxi Driver.naf,429,211,0,0,0,0,0,0
http://www.wikidata.org/entity/Q2009193,Screamer who caused Amsterdam panic stampede apologizes.naf,37,26,0,0,0,0,0,0
http://www.wikidata.org/entity/Q2009193,Mystery surrounds Dutch royals attack.naf,221,128,0,0,0,0,0,0
http://www.wikidata.org/entity/Q2009193,"Queen's Day attack: premeditated, but ill-prepared.naf",356,163,0,0,0,0,0,0
http://www.wikidata.org/entity/Q2009193,Dutch police detain man over royal ceremony bomb panic.naf,307,172,0,0,0,0,0,0
http://www.wikidata.org/entity/Q2009193,Meeste steden zetten festiviteiten voort.naf,573,223,0,0,0,0,0,0
http://www.wikidata.org/entity/Q2009193,Vijfde dode in Apeldoorn; dader in levensgevaar.naf,298,146,0,0,0,0,0,0
http://www.wikidata.org/entity/Q2009193,"option,com_kijkcijfers.naf",78,53,0,0,0,0,0,0
http://www.wikidata.org/entity/Q2009193,Vlag halfstok op overheidsgebouwen.naf,176,100,0,0,0,0,0,0
http://www.wikidata.org/entity/Q2009193,Sekte verstoort diensten Apeldoorn.naf,295,151,0,0,0,0,0,0
http://www.wikidata.org/entity/Q2009193,Defensiemedewerker zwaargewond in Apeldoorn.naf,207,113,0,0,0,0,0,0
http://www.wikidata.org/entity/Q2009193,De laatste woorden van Karst T..naf,447,168,0,0,0,0,0,0
http://www.wikidata.org/entity/Q2009193,"Vlag is gestreken, feest is voorbij.naf",740,279,0,0,0,0,0,0
http://www.wikidata.org/entity/Q2009193,Huissen gist naar een motief.naf,408,210,0,0,0,0,0,0
http://www.wikidata.org/entity/Q2009193,10 jaar na de aanslag op Koninginnedag.naf,1197,411,0,0,0,0,0,0
http://www.wikidata.org/entity/Q2009193,Chaos na incident Apeldoorn (zeer schokkend).naf,35,27,0,0,0,0,0,0
http://www.wikidata.org/entity/Q2009193,Balkenende: Vlag halfstok.naf,260,139,0,0,0,0,0,0
http://www.wikidata.org/entity/Q2009193,Verklaring Hare Majesteit de Koningin.naf,174,68,0,0,0,0,0,0
http://www.wikidata.org/entity/Q2009193,Pantserwagen zoek kort na aanslag.naf,83,63,0,0,0,0,0,0
http://www.wikidata.org/entity/Q2009193,Cookies op de Volkskrant.naf,227,120,0,0,0,0,0,0
http://www.wikidata.org/entity/Q2009193,Wet- en regelgeving.naf,59,42,0,0,0,0,0,0
http://www.wikidata.org/entity/Q2009193,Motief Karst T. voor zijn ouders ook een raadsel.naf,695,260,0,0,0,0,0,0
http://www.wikidata.org/entity/Q2009193,Aanslag lijkt wanhoopsdaad.naf,518,240,0,0,0,0,0,0
http://www.wikidata.org/entity/Q2009193,Obama betuigt medeleven aan koningin.naf,80,56,0,0,0,0,0,0
http://www.wikidata.org/entity/Q2009193,Indrukwekkende herdenkingsdienst in Apeldoorn.naf,894,365,0,0,0,0,0,0
http://www.wikidata.org/entity/Q62090804,Duizenden mensen melden zich op ikbenveilig.nl.naf,124,73,0,0,0,0,0,0
http://www.wikidata.org/entity/Q62090804,Tramschutter Gökmen T. krijgt advocaat tegen zijn wil.naf,618,268,0,0,0,0,0,0
http://www.wikidata.org/entity/Q62090804,’Gestolen’ rode Renault Clio aangetroffen in Utrecht.naf,133,67,0,0,0,0,0,0
http://www.wikidata.org/entity/Q62090804,"Twentse agenten staken niet, maar helpen in Utrecht.naf",406,200,0,0,0,0,0,0
http://www.wikidata.org/entity/Q62090804,Gökmen T. schreef in briefje uit naam van Allah te handelen.naf,117,72,0,0,0,0,0,0
http://www.wikidata.org/entity/Q62090804,Vermoedelijke dader en twee andere verdachten aanslag Utrecht opgepakt.naf,916,316,0,0,0,0,0,0
http://www.wikidata.org/entity/Q62090804,Extra toezicht van politie bij stations en moskeeën.naf,205,91,0,0,0,0,0,0
http://www.wikidata.org/entity/Q62090804,Kamerbrief met nadere informatie naar aanleiding van de aanslag Utrecht 18 maart 2019.naf,32,26,0,0,0,0,0,0
http://www.wikidata.org/entity/Q62090804,"Gökmen T. spuugt naar rechters, opnieuw weggestuurd.naf",165,93,0,0,0,0,0,0
http://www.wikidata.org/entity/Q62090804,OM: Geen relatie tussen slachtoffers en Gökmen Tanis.naf,97,69,0,0,0,0,0,0
http://www.wikidata.org/entity/Q62090804,Baudet (FvD) voert wél campagne en maakt CDA en VVD verwijten.naf,241,120,0,0,0,0,0,0
http://www.wikidata.org/entity/Q62090804,Moskee in Zaandam beveiligd na schietpartij in Utrecht.naf,582,242,0,0,0,0,0,0
http://www.wikidata.org/entity/Q62090804,Gökmen Tanis bekent schietpartij in tram in Utrecht.naf,232,131,0,0,0,0,0,0
http://www.wikidata.org/entity/Q62090804,"Van Zanen: 'Twee verdachten vrij', politie ontkent.naf",215,113,0,0,0,0,0,0
http://www.wikidata.org/entity/Q62090804,Vierde slachtoffer schietpartij Utrechtse tram overleden.naf,66,42,0,0,0,0,0,0
http://www.wikidata.org/entity/Q62090804,Vlaggen in regio halfstok als eerbetoon slachtoffers aanslag Utrecht.naf,70,56,0,0,0,0,0,0
http://www.wikidata.org/entity/Q62090804,Rutte: vlaggen op overheidsgebouwen vandaag halfstok.naf,166,90,0,0,0,0,0,0
http://www.wikidata.org/entity/Q62090804,Verplichte rechtsbijstand voor verdachte schietpartij Utrecht.naf,192,95,0,0,0,0,0,0
http://www.wikidata.org/entity/Q62090804,Rechtbank verplicht verdachte van tramaanslag om naar zitting te komen.naf,252,125,0,0,0,0,0,0
http://www.wikidata.org/entity/Q62090804,Extra alertheid bij moskeeën en stations in Brabant na schietpartij Utrecht.naf,695,223,0,0,0,0,0,0
http://www.wikidata.org/entity/Q62090804,"Drie doden en negen gewonden bij aanslag Utrecht, straten centrum verlaten.naf",84,52,0,0,0,0,0,0
http://www.wikidata.org/entity/Q62090804,Kleine bijdrage in kosten afscheid lieve Roos.naf,150,94,0,0,0,0,0,0
http://www.wikidata.org/entity/Q62090804,Verdachte Gökmen T. had schulden en zou woning kwijtraken.naf,183,104,0,0,0,0,0,0
http://www.wikidata.org/entity/Q62090804,"Aanhouding nieuwe verdachte schietincident Utrecht, heenzending twee verdachten.naf",80,55,0,0,0,0,0,0
http://www.wikidata.org/entity/Q62090804,Rutte en Grapperhaus leggen bloemen bij aanslagplek in Utrecht.naf,109,72,0,0,0,0,0,0
http://www.wikidata.org/entity/Q62090804,Kamer nog niet in debat over schietpartij Utrecht.naf,302,168,0,0,0,0,0,0
http://www.wikidata.org/entity/Q62090804,Aanslag Utrecht eist vierde leven.naf,620,255,0,0,0,0,0,0
http://www.wikidata.org/entity/Q62090804,Zwarte dag in Utrecht: dit gebeurde er op de dag van het schietincident.naf,1372,475,0,0,0,0,0,0
http://www.wikidata.org/entity/Q62090804,Advocaat tramschutter Gökmen T. overlegt met Orde over levenslange straf.naf,178,101,0,0,0,0,0,0
http://www.wikidata.org/entity/Q62090804,Liveblog teruglezen: Extra toezicht bij stations en moskeeën in Rotterdam na mogelijke aanslag Utrecht.naf,95,59,0,0,0,0,0,0
http://www.wikidata.org/entity/Q62090804,Levenslange gevangenisstraf geëist voor aanslag in en rond Utrechtse tram.naf,696,276,0,0,0,0,0,0
http://www.wikidata.org/entity/Q62090804,Verdachte schietincident 24-Oktoberplein Utrecht bekent en zegt alleen te hebben gehandeld.naf,139,72,0,0,0,0,0,0
http://www.wikidata.org/entity/Q62090804,Verkiezingscampagne opgeschort na gebeurtenissen Utrecht; geen debat.naf,87,56,0,0,0,0,0,0
http://www.wikidata.org/entity/Q62090804,Onderzoek naar schietincident vandaag verder.naf,289,138,0,0,0,0,0,0
http://www.wikidata.org/entity/Q62090804,Geen trams en omleidingen busvervoer tijdens stille tocht Utrecht.naf,252,118,0,0,0,0,0,0
http://www.wikidata.org/entity/Q62090804,Eerste reactie Rutte en Grapperhaus op schietpartij in Utrecht.naf,461,206,0,0,0,0,0,0
http://www.wikidata.org/entity/Q62090804,1 miljoen zien start stille tocht Utrecht.naf,85,53,0,0,0,0,0,0
http://www.wikidata.org/entity/Q62090804,"Om kwart voor elf staat de tram stil, daarna heel Utrecht.naf",1511,555,0,0,0,0,0,0
http://www.wikidata.org/entity/Q62090804,Schietpartij 24 Oktoberplein.naf,73,50,0,0,0,0,0,0
http://www.wikidata.org/entity/Q62090804,18 maart 2019: een heftige dag.naf,362,191,0,0,0,0,0,0
http://www.wikidata.org/entity/Q62090804,"Several hurt in Dutch tram shooting, 'terrorist motive' possible: police.naf",206,111,0,0,0,0,0,0
http://www.wikidata.org/entity/Q62090804,"Gunman Attacks Tram Passengers in Utrecht, Dutch Police Say.naf",140,83,0,0,0,0,0,0
http://www.wikidata.org/entity/Q62090804,Utrecht tram shooting: Suspected gunman arrested.naf,511,213,0,0,0,0,0,0
http://www.wikidata.org/entity/Q62090804,Utrecht shootings: Hunt for gunman after attack on tram.naf,475,213,0,0,0,0,0,0
http://www.wikidata.org/entity/Q62090804,Utrecht shooting: 'Three dead' after attack on tram.naf,384,184,0,0,0,0,0,0
http://www.wikidata.org/entity/Q62090804,The Latest: 'No indication' Utrecht shooter knew victims.naf,316,142,0,0,0,0,0,0
http://www.wikidata.org/entity/Q62090804,"Man opens fire on Dutch tram, several hurt.naf",80,58,0,0,0,0,0,0
http://www.wikidata.org/entity/Q62090804,Utrecht shooting: 'One dead' as man opens fire in tram.naf,308,158,0,0,0,0,0,0
http://www.wikidata.org/entity/Q1323799,20 jaar Bijlmerramp.naf,594,253,0,0,0,0,0,0
http://www.wikidata.org/entity/Q1323799,Bijlmerramp voor zestiende keer herdacht.naf,266,158,0,0,0,0,0,0
http://www.wikidata.org/entity/Q1323799,"Aircraft accident report 92-11 : El Al Flight 1862 Boeing 747-258F 4X-AXG Bijlmermeer, Amsterdam October 4, 1992.naf",127,87,0,0,0,0,0,0
http://www.wikidata.org/entity/Q1323799,Dutch Search for Their Dead Where El Al Plane Fell.naf,247,140,0,0,0,0,0,0
http://www.wikidata.org/entity/Q1323799,"OCT. 4-10: The El Al Crash; In the Netherlands, The Struggle of Immigrants And Sudden Disaster.naf",230,137,0,0,0,0,0,0
